<?xml version="1.0" encoding="UTF-8"?>
<project-private xmlns="http://www.netbeans.org/ns/project-private/1">
    <editor-bookmarks xmlns="http://www.netbeans.org/ns/editor-bookmarks/2" lastBookmarkId="1">
        <file>
            <url>src/model/Negocio.java</url>
            <bookmark id="1">
                <name/>
                <line>1</line>
                <key/>
            </bookmark>
        </file>
    </editor-bookmarks>
    <open-files xmlns="http://www.netbeans.org/ns/projectui-open-files/2">
        <group>
            <file>file:/C:/Mis%20cosas/UTN/3°%20Año/Diseño%20de%20sistemas/practicas%20de%20v/pruebas/DSTP72018final/src/dstp7/model/IRegla.java</file>
            <file>file:/C:/Mis%20cosas/UTN/3°%20Año/Diseño%20de%20sistemas/practicas%20de%20v/pruebas/DSTP72018final/src/dstp7/model/LineaVenta.java</file>
            <file>file:/C:/Mis%20cosas/UTN/3°%20Año/Diseño%20de%20sistemas/practicas%20de%20v/pruebas/DSTP72018final/src/dstp7/model/Negocio.java</file>
            <file>file:/C:/Mis%20cosas/UTN/3°%20Año/Diseño%20de%20sistemas/practicas%20de%20v/pruebas/DSTP72018final/src/dstp7/model/DiaSemana.java</file>
            <file>file:/C:/Mis%20cosas/UTN/3°%20Año/Diseño%20de%20sistemas/practicas%20de%20v/pruebas/DSTP72018final/src/dstp7/model/Producto.java</file>
        </group>
    </open-files>
</project-private>
